split,mse,rmse,mae,r2
train,5.452906131744385,2.335145950317383,1.2132384777069092,0.19032907485961914
test,5.44868803024292,2.334242582321167,1.2143149375915527,0.18720591068267822
