split,mse,rmse,mae,r2
train,5.054346084594727,2.248187303543091,1.3428895473480225,0.24950891733169556
test,5.098029613494873,2.2578816413879395,1.3500341176986694,0.23951447010040283
