epoch,train_loss,val_loss
1,5.303388088309338,5.098716757276602
2,5.1350325101382905,5.075238568392414
3,5.1148390868500195,5.087277865549277
4,5.101682020611543,5.0907563291795075
5,5.1004643791900905,5.107578501018168
6,5.087633878188841,5.121777480457261
7,5.084774972621594,5.093017655157904
