split,mse,rmse,mae,r2
train,5.061620235443115,2.2498044967651367,1.3662214279174805,0.2484288215637207
test,5.085039138793945,2.2550032138824463,1.3726880550384521,0.24145233631134033
