split,mse,rmse,mae,r2
train,5.054436206817627,2.2482073307037354,1.3707380294799805,0.2494955062866211
test,5.076458930969238,2.2530999183654785,1.3764452934265137,0.24273228645324707
