epoch,train_loss,val_loss
1,2.6701633282490866,1.5031205804375878
2,2.5472907956904884,1.3579334078127878
3,2.537481471994277,1.3006657994630044
4,2.5522916630052177,1.4109133893286276
5,2.5253173307772525,1.450042386501156
6,2.5087173713457,1.3072215567903909
7,2.491485032096952,1.3896322100483187
8,2.485837799358647,1.3940198862413218
9,2.4813798880524764,1.3340478579551853
10,2.47384713761285,1.3113417888593952
11,2.466627436653924,1.3966333780720916
