split,mse,rmse,mae,r2
train,5.570309162139893,2.3601503372192383,1.2132680416107178,0.17289650440216064
test,5.551681041717529,2.3562004566192627,1.2114825248718262,0.17184221744537354
