split,mse,rmse,mae,r2
train,5.78119421005249,2.4044113159179688,1.2059900760650635,0.1415833830833435
test,5.737768173217773,2.3953638076782227,1.1992584466934204,0.14408308267593384
